{"good": {"pos_val_high_arou": 0.20408163265306123, "pos_val_low_arou": 0.5102040816326531, "neg_val_low_arou": 0.25510204081632654, "neg_val_high_arou": 0.030612244897959183}, "amazing": {"pos_val_high_arou": 0.738255033557047, "pos_val_low_arou": 0.22818791946308725, "neg_val_low_arou": 0.006711409395973154, "neg_val_high_arou": 0.026845637583892617}, "terrible": {"pos_val_high_arou": 0.0, "pos_val_low_arou": 0.0, "neg_val_low_arou": 0.1774193548387097, "neg_val_high_arou": 0.8225806451612904}, "bad": {"pos_val_high_arou": 0.0, "pos_val_low_arou": 0.0, "neg_val_low_arou": 0.546875, "neg_val_high_arou": 0.453125}, "neutral": {"pos_val_high_arou": 0.0, "pos_val_low_arou": 0.10294117647058823, "neg_val_low_arou": 0.8382352941176471, "neg_val_high_arou": 0.058823529411764705}}