{"w3": {"neutral": 0.5185185185185185, "terrible": 0.018518518518518517, "good": 0.2777777777777778, "bad": 0.14814814814814814, "amazing": 0.037037037037037035}, "w6": {"neutral": 0.05555555555555555, "terrible": 0.5555555555555556, "good": 0.018518518518518517, "bad": 0.35185185185185186, "amazing": 0.018518518518518517}, "w8": {"neutral": 0.05555555555555555, "terrible": 0.5555555555555556, "good": 0.018518518518518517, "bad": 0.35185185185185186, "amazing": 0.018518518518518517}, "w0": {"neutral": 0.018518518518518517, "terrible": 0.018518518518518517, "good": 0.16666666666666666, "bad": 0.018518518518518517, "amazing": 0.7777777777777778}, "w7": {"neutral": 0.3333333333333333, "terrible": 0.09259259259259259, "good": 0.14814814814814814, "bad": 0.4074074074074074, "amazing": 0.018518518518518517}, "w4": {"neutral": 0.2222222222222222, "terrible": 0.018518518518518517, "good": 0.6296296296296297, "bad": 0.018518518518518517, "amazing": 0.1111111111111111}, "w5": {"neutral": 0.18518518518518517, "terrible": 0.018518518518518517, "good": 0.5925925925925926, "bad": 0.018518518518518517, "amazing": 0.18518518518518517}, "w1": {"neutral": 0.018518518518518517, "terrible": 0.018518518518518517, "good": 0.07407407407407407, "bad": 0.018518518518518517, "amazing": 0.8703703703703703}, "w2": {"neutral": 0.018518518518518517, "terrible": 0.018518518518518517, "good": 0.05555555555555555, "bad": 0.018518518518518517, "amazing": 0.8888888888888888}}